type,DK,DK_2,FI,NO,NO_1,NO_2,NO_3,NO_4,NO_5,SE,SE_1,SE_2,SE_3,SE_4
hydro,,,1326,13119,2158,3259,2583,2484,2632,8154,2799.680161,4800.035977,597.3755982,70.74324086
nuclear,,,2706,,,,,,,4372,0,0,4372,0
other,628,109,1083,338,21,12,32,168,106,540,17.47211755,0,312.2056283,96.48727723
solar,184,76,,,,,,,,,0,0,0,0
wind-offshore,446,53,,,,,,,,,0,0,0,0
wind-onshore,456,57,23,812,3,748,49,12,,122,28.7057851,26.30134617,46.12500293,20.8678658
